{"cameraMode":{"drawMode":0,"name":"Shaded","section":"Shading Mode"},"sceneLighting":true,"audioPlay":false,"sceneViewState":{"showFog":true,"showMaterialUpdate":true,"showSkybox":true,"showFlares":true,"showImageEffects":true,"showParticleSystems":true},"in2DMode":false,"pivot":{"x":2.363515853881836,"y":-1.4846782684326172,"z":-0.2527697682380676},"rotation":{"x":-0.18358319997787476,"y":-0.6722782850265503,"z":0.1776241660118103,"w":-0.694830060005188},"size":22.007858276367189,"orthographic":false}