{"cameraMode":{"drawMode":0,"name":"Shaded","section":"Shading Mode"},"sceneLighting":true,"audioPlay":false,"sceneViewState":{"showFog":true,"showMaterialUpdate":true,"showSkybox":true,"showFlares":true,"showImageEffects":true,"showParticleSystems":true},"in2DMode":false,"pivot":{"x":-5.373498916625977,"y":1.6589088439941407,"z":-1.4485821723937989},"rotation":{"x":-0.09877269715070725,"y":0.6157256364822388,"z":-0.07818832248449326,"w":-0.7778254747390747},"size":16.22852897644043,"orthographic":false}